Via,Amount,Percentage
LinkedIn,198,19.919517102615693
Upwork,65,6.539235412474849
BeBee,61,6.1368209255533195
Indeed,46,4.627766599597585
SimplyHired,43,4.325955734406438
