Location,Amount,percentage
United States,243,24.495967741935484
Anywhere,209,21.068548387096776
"London, UK",47,4.737903225806452
United Kingdom,43,4.334677419354839
"Oklahoma City, OK",18,1.8145161290322582
