Yes,No
work_from_home,21.026156941649898,78.9738430583501
