Yes,No
excel,21.026156941649898,78.9738430583501
